source,wall_id,session,keep
PXL_20260810_140646075.jpg,wall01,2026-08-10-pm,1
PXL_20260810_140648430.jpg,wall01,2026-08-10-pm,1
PXL_20260810_140651099.MP.jpg,wall01,2026-08-10-pm,1
PXL_20260810_140653385.jpg,wall01,2026-08-10-pm,1
PXL_20260810_140656489.jpg,wall01,2026-08-10-pm,1
PXL_20260810_140658146.jpg,wall01,2026-08-10-pm,1
PXL_20260810_140703889.jpg,wall01,2026-08-10-pm,1
PXL_20260810_140706266.jpg,wall01,2026-08-10-pm,1
PXL_20260810_140736336.jpg,wall02,2026-08-10-pm,1
PXL_20260810_140738774.jpg,wall02,2026-08-10-pm,1
PXL_20260810_140740095.jpg,wall02,2026-08-10-pm,1
PXL_20260810_140741985.jpg,wall02,2026-08-10-pm,1
PXL_20260810_140743782.jpg,wall02,2026-08-10-pm,1
PXL_20260810_140745594.jpg,wall02,2026-08-10-pm,1
PXL_20260810_140753967.jpg,wall02,2026-08-10-pm,1
PXL_20260810_140808518.jpg,wall02,2026-08-10-pm,1
PXL_20260810_140814751.jpg,wall02,2026-08-10-pm,1
PXL_20260810_140827611.jpg,wall02,2026-08-10-pm,1
PXL_20260810_140829862.jpg,wall02,2026-08-10-pm,1
PXL_20260810_140831207.jpg,wall02,2026-08-10-pm,1
PXL_20260810_140832678.jpg,wall02,2026-08-10-pm,1
PXL_20260810_140833449.jpg,wall02,2026-08-10-pm,1
PXL_20260810_140835697.jpg,wall02,2026-08-10-pm,1
PXL_20260810_140837365.jpg,wall02,2026-08-10-pm,1
PXL_20260810_140838230.jpg,wall02,2026-08-10-pm,1
PXL_20260810_140839112.jpg,wall02,2026-08-10-pm,1
PXL_20260810_140841211.MP.jpg,wall02,2026-08-10-pm,1
PXL_20260810_140842217.jpg,wall02,2026-08-10-pm,1
PXL_20260810_140842375.jpg,wall02,2026-08-10-pm,1
PXL_20260811_102028723.jpg,wall03,2026-08-11-am,1
PXL_20260811_102031445.jpg,wall03,2026-08-11-am,1
PXL_20260811_102034724.jpg,wall03,2026-08-11-am,1
PXL_20260811_102036878.jpg,wall03,2026-08-11-am,1
PXL_20260811_102039124.MP.jpg,wall03,2026-08-11-am,1
PXL_20260811_102041042.MP.jpg,wall03,2026-08-11-am,1
PXL_20260811_102043262.jpg,wall03,2026-08-11-am,1
PXL_20260811_102045557.jpg,wall03,2026-08-11-am,1
PXL_20260817_094726900.jpg,wall04,2026-08-17-am,1
PXL_20260817_094730304.jpg,wall04,2026-08-17-am,1
PXL_20260817_094732173.jpg,wall04,2026-08-17-am,1
PXL_20260817_094733382.jpg,wall04,2026-08-17-am,1
PXL_20260817_094746610.jpg,wall04,2026-08-17-am,1
PXL_20260817_094748937.MP.jpg,wall04,2026-08-17-am,1
PXL_20260817_094751078.jpg,wall04,2026-08-17-am,1
PXL_20260817_094755330.jpg,wall04,2026-08-17-am,1
PXL_20260817_094807426.jpg,wall04,2026-08-17-am,1
PXL_20260817_094809644.jpg,wall04,2026-08-17-am,1
PXL_20260817_094812946.jpg,wall04,2026-08-17-am,1
PXL_20260817_094837782.jpg,wall05,2026-08-17-am,1
PXL_20260817_094841002.jpg,wall05,2026-08-17-am,1
PXL_20260817_094845478.jpg,wall05,2026-08-17-am,1
PXL_20260817_094850316.jpg,wall05,2026-08-17-am,1
PXL_20260817_094903022.jpg,wall05,2026-08-17-am,1
PXL_20260817_094906670.jpg,wall05,2026-08-17-am,1
PXL_20260817_094908527.jpg,wall05,2026-08-17-am,1
PXL_20260817_094916142.jpg,wall05,2026-08-17-am,1
PXL_20260817_094917878.jpg,wall05,2026-08-17-am,1
PXL_20260817_094929133.jpg,wall05,2026-08-17-am,1
PXL_20260817_095457674.jpg,wall06,2026-08-17-am,1
PXL_20260817_095504534.jpg,wall06,2026-08-17-am,1
PXL_20260817_095506647.jpg,wall06,2026-08-17-am,1
PXL_20260817_095508382.MP.jpg,wall06,2026-08-17-am,1
PXL_20260817_095510526.jpg,wall06,2026-08-17-am,1
PXL_20260817_095512527.jpg,wall06,2026-08-17-am,1
PXL_20260817_095515348.MP.jpg,wall06,2026-08-17-am,1
PXL_20260817_095517607.jpg,wall06,2026-08-17-am,1
PXL_20260817_095549821.jpg,wall07,2026-08-17-am,1
PXL_20260817_095552996.MP.jpg,wall07,2026-08-17-am,1
PXL_20260817_095556120.jpg,wall07,2026-08-17-am,1
PXL_20260817_095600442.jpg,wall07,2026-08-17-am,1
PXL_20260817_095650641.jpg,wall08,2026-08-17-am,1
PXL_20260817_095654398.jpg,wall08,2026-08-17-am,1
PXL_20260817_095737732.jpg,wall09,2026-08-17-am,1
PXL_20260817_095740771.jpg,wall09,2026-08-17-am,1
PXL_20260817_095743565.jpg,wall09,2026-08-17-am,1
PXL_20260817_095745940.jpg,wall09,2026-08-17-am,1
PXL_20260817_095749551.jpg,wall09,2026-08-17-am,1
PXL_20260817_095751759.jpg,wall09,2026-08-17-am,1
PXL_20260817_095753294.jpg,wall09,2026-08-17-am,1
PXL_20260817_095755775.jpg,wall09,2026-08-17-am,1
PXL_20260817_095804931.jpg,wall09,2026-08-17-am,1
PXL_20260817_095807025.jpg,wall09,2026-08-17-am,1
PXL_20260817_095808898.jpg,wall09,2026-08-17-am,1
PXL_20260817_095810838.jpg,wall09,2026-08-17-am,1
PXL_20260817_095852304.jpg,wall10,2026-08-17-am,1
PXL_20260817_095855166.jpg,wall10,2026-08-17-am,1
PXL_20260817_095944831.jpg,wall11,2026-08-17-am,1
PXL_20260817_095946897.jpg,wall11,2026-08-17-am,1
PXL_20260817_095951657.jpg,wall11,2026-08-17-am,1
PXL_20260817_095953227.jpg,wall11,2026-08-17-am,1
PXL_20260817_115503223.jpg,wall12,2026-08-17-am,1
PXL_20260817_115506179.jpg,wall12,2026-08-17-am,1
PXL_20260817_115508770.jpg,wall12,2026-08-17-am,1
PXL_20260817_115509880.jpg,wall12,2026-08-17-am,1
PXL_20260817_115514630.MP.jpg,wall12,2026-08-17-am,1
PXL_20260817_115515619.jpg,wall12,2026-08-17-am,1
PXL_20260817_115526419.jpg,wall12,2026-08-17-am,1
PXL_20260817_115529197.jpg,wall12,2026-08-17-am,1
PXL_20260817_115532860.MP.jpg,wall12,2026-08-17-am,1
IMG_20260812_124045.jpg,wall13,2026-08-12-pm,1
IMG_20260812_124048.jpg,wall13,2026-08-12-pm,1
IMG_20260812_124054.jpg,wall13,2026-08-12-pm,1
IMG_20260812_124100.jpg,wall13,2026-08-12-pm,1
IMG_20260812_124104.jpg,wall13,2026-08-12-pm,1
IMG_20260812_124109.jpg,wall13,2026-08-12-pm,1
IMG_20260812_124112.jpg,wall13,2026-08-12-pm,1
IMG_20260812_124117.jpg,wall13,2026-08-12-pm,1
IMG_20260812_124120.jpg,wall13,2026-08-12-pm,1
IMG_20260812_124208.jpg,wall14,2026-08-12-pm,1
IMG_20260812_124210.jpg,wall14,2026-08-12-pm,1
IMG_20260812_124216.jpg,wall14,2026-08-12-pm,1
IMG_20260812_124219.jpg,wall14,2026-08-12-pm,1
IMG_20260812_124225.jpg,wall14,2026-08-12-pm,1
IMG_20260812_124229.jpg,wall14,2026-08-12-pm,1
IMG_20260812_124240.jpg,wall14,2026-08-12-pm,1
IMG_20260812_124251.jpg,wall14,2026-08-12-pm,1
IMG_20260812_124254.jpg,wall14,2026-08-12-pm,1
IMG_20260812_124332.jpg,wall15,2026-08-12-pm,1
IMG_20260812_124337.jpg,wall15,2026-08-12-pm,1
IMG_20260812_124344.jpg,wall15,2026-08-12-pm,1
IMG_20260812_124347.jpg,wall15,2026-08-12-pm,1
IMG_20260812_124356.jpg,wall15,2026-08-12-pm,1
IMG_20260812_124401.jpg,wall15,2026-08-12-pm,1
IMG_20260812_124404.jpg,wall15,2026-08-12-pm,1
IMG_20260812_124500.jpg,wall16,2026-08-12-pm,1
IMG_20260812_124503.jpg,wall16,2026-08-12-pm,1
IMG_20260812_124508.jpg,wall16,2026-08-12-pm,1
IMG_20260812_124510.jpg,wall16,2026-08-12-pm,1
IMG_20260812_124512.jpg,wall16,2026-08-12-pm,1
IMG_20260812_124517.jpg,wall16,2026-08-12-pm,1
IMG_20260812_124522.jpg,wall16,2026-08-12-pm,1
IMG_20260812_124528.jpg,wall16,2026-08-12-pm,1
IMG_20260812_124540.jpg,wall16,2026-08-12-pm,1
IMG_20260812_124543.jpg,wall16,2026-08-12-pm,1
IMG_20260812_124545.jpg,wall16,2026-08-12-pm,1
IMG_20260812_124557.jpg,wall16,2026-08-12-pm,1
IMG_20260812_124617.jpg,wall16,2026-08-12-pm,1
IMG_20260812_124621.jpg,wall16,2026-08-12-pm,1
IMG_20260812_124643.jpg,wall17,2026-08-12-pm,1
IMG_20260812_124645.jpg,wall17,2026-08-12-pm,1
